{
  "frames": {
    "Pombo.png": {
      "frame": {
        "x": 0,
        "y": 0,
        "w": 62,
        "h": 49
      },
      "rotated": false,
      "trimmed": true,
      "spriteSourceSize": {
        "x": 1,
        "y": 7,
        "w": 62,
        "h": 49
      },
      "sourceSize": {
        "w": 64,
        "h": 64
      },
      "pivot": {
        "x": 0.5,
        "y": 0.5
      }
    },
    "Explosion.png": {
      "frame": {
        "x": 62,
        "y": 0,
        "w": 59,
        "h": 51
      },
      "rotated": false,
      "trimmed": true,
      "spriteSourceSize": {
        "x": 2,
        "y": 6,
        "w": 59,
        "h": 51
      },
      "sourceSize": {
        "w": 64,
        "h": 64
      },
      "pivot": {
        "x": 0.5,
        "y": 0.5
      }
    },
    "Diamond.png": {
      "frame": {
        "x": 121,
        "y": 0,
        "w": 58,
        "h": 54
      },
      "rotated": false,
      "trimmed": true,
      "spriteSourceSize": {
        "x": 3,
        "y": 6,
        "w": 58,
        "h": 54
      },
      "sourceSize": {
        "w": 64,
        "h": 64
      },
      "pivot": {
        "x": 0.5,
        "y": 0.5
      }
    },
    "Pedra.png": {
      "frame": {
        "x": 179,
        "y": 0,
        "w": 56,
        "h": 55
      },
      "rotated": false,
      "trimmed": true,
      "spriteSourceSize": {
        "x": 5,
        "y": 6,
        "w": 56,
        "h": 55
      },
      "sourceSize": {
        "w": 64,
        "h": 64
      },
      "pivot": {
        "x": 0.5,
        "y": 0.5
      }
    },
    "Rock.png": {
      "frame": {
        "x": 235,
        "y": 0,
        "w": 53,
        "h": 59
      },
      "rotated": false,
      "trimmed": true,
      "spriteSourceSize": {
        "x": 6,
        "y": 3,
        "w": 53,
        "h": 59
      },
      "sourceSize": {
        "w": 64,
        "h": 64
      },
      "pivot": {
        "x": 0.5,
        "y": 0.5
      }
    },
    "Bomb.png": {
      "frame": {
        "x": 288,
        "y": 0,
        "w": 56,
        "h": 62
      },
      "rotated": false,
      "trimmed": true,
      "spriteSourceSize": {
        "x": 6,
        "y": 1,
        "w": 56,
        "h": 62
      },
      "sourceSize": {
        "w": 64,
        "h": 64
      },
      "pivot": {
        "x": 0.5,
        "y": 0.5
      }
    },
    "Door.png": {
      "frame": {
        "x": 344,
        "y": 0,
        "w": 62,
        "h": 62
      },
      "rotated": false,
      "trimmed": true,
      "spriteSourceSize": {
        "x": 1,
        "y": 2,
        "w": 62,
        "h": 62
      },
      "sourceSize": {
        "w": 64,
        "h": 64
      },
      "pivot": {
        "x": 0.5,
        "y": 0.5
      }
    },
    "Dirt.png": {
      "frame": {
        "x": 406,
        "y": 0,
        "w": 64,
        "h": 64
      },
      "rotated": false,
      "trimmed": false,
      "spriteSourceSize": {
        "x": 0,
        "y": 0,
        "w": 64,
        "h": 64
      },
      "sourceSize": {
        "w": 64,
        "h": 64
      },
      "pivot": {
        "x": 0.5,
        "y": 0.5
      }
    },
    "WallRound_Gray.png": {
      "frame": {
        "x": 470,
        "y": 0,
        "w": 64,
        "h": 64
      },
      "rotated": false,
      "trimmed": false,
      "spriteSourceSize": {
        "x": 0,
        "y": 0,
        "w": 64,
        "h": 64
      },
      "sourceSize": {
        "w": 64,
        "h": 64
      },
      "pivot": {
        "x": 0.5,
        "y": 0.5
      }
    },
    "Wall_Black.png": {
      "frame": {
        "x": 534,
        "y": 0,
        "w": 64,
        "h": 64
      },
      "rotated": false,
      "trimmed": false,
      "spriteSourceSize": {
        "x": 0,
        "y": 0,
        "w": 64,
        "h": 64
      },
      "sourceSize": {
        "w": 64,
        "h": 64
      },
      "pivot": {
        "x": 0.5,
        "y": 0.5
      }
    }
  },
  "meta": {
    "app": "http://free-tex-packer.com",
    "version": "0.6.6",
    "image": "PigeonMiner.png",
    "format": "RGBA8888",
    "size": {
      "w": 598,
      "h": 64
    },
    "scale": 1
  }
}