{
  "frames": {
    "Dirt.png": {
      "frame": {
        "x": 3,
        "y": 3,
        "w": 64,
        "h": 64
      },
      "rotated": false,
      "trimmed": false,
      "spriteSourceSize": {
        "x": 0,
        "y": 0,
        "w": 64,
        "h": 64
      },
      "sourceSize": {
        "w": 64,
        "h": 64
      },
      "pivot": {
        "x": 0.5,
        "y": 0.5
      }
    },
    "Wall_Black.png": {
      "frame": {
        "x": 3,
        "y": 73,
        "w": 64,
        "h": 64
      },
      "rotated": false,
      "trimmed": false,
      "spriteSourceSize": {
        "x": 0,
        "y": 0,
        "w": 64,
        "h": 64
      },
      "sourceSize": {
        "w": 64,
        "h": 64
      },
      "pivot": {
        "x": 0.5,
        "y": 0.5
      }
    },
    "Door.png": {
      "frame": {
        "x": 3,
        "y": 143,
        "w": 62,
        "h": 62
      },
      "rotated": false,
      "trimmed": true,
      "spriteSourceSize": {
        "x": 1,
        "y": 1,
        "w": 62,
        "h": 62
      },
      "sourceSize": {
        "w": 64,
        "h": 64
      },
      "pivot": {
        "x": 0.5,
        "y": 0.5
      }
    },
    "bomb.png": {
      "frame": {
        "x": 3,
        "y": 211,
        "w": 56,
        "h": 64
      },
      "rotated": false,
      "trimmed": true,
      "spriteSourceSize": {
        "x": 4,
        "y": 0,
        "w": 56,
        "h": 64
      },
      "sourceSize": {
        "w": 64,
        "h": 64
      },
      "pivot": {
        "x": 0.5,
        "y": 0.5
      }
    },
    "Diamond.png": {
      "frame": {
        "x": 3,
        "y": 281,
        "w": 58,
        "h": 54
      },
      "rotated": false,
      "trimmed": true,
      "spriteSourceSize": {
        "x": 4,
        "y": 5,
        "w": 58,
        "h": 54
      },
      "sourceSize": {
        "w": 64,
        "h": 64
      },
      "pivot": {
        "x": 0.5,
        "y": 0.5
      }
    },
    "Player.png": {
      "frame": {
        "x": 65,
        "y": 211,
        "w": 63,
        "h": 49
      },
      "rotated": false,
      "trimmed": true,
      "spriteSourceSize": {
        "x": 0,
        "y": 7,
        "w": 63,
        "h": 49
      },
      "sourceSize": {
        "w": 64,
        "h": 64
      },
      "pivot": {
        "x": 0.5,
        "y": 0.5
      }
    },
    "Pedra.png": {
      "frame": {
        "x": 71,
        "y": 143,
        "w": 56,
        "h": 55
      },
      "rotated": false,
      "trimmed": true,
      "spriteSourceSize": {
        "x": 5,
        "y": 6,
        "w": 56,
        "h": 55
      },
      "sourceSize": {
        "w": 64,
        "h": 64
      },
      "pivot": {
        "x": 0.5,
        "y": 0.5
      }
    }
  },
  "meta": {
    "app": "http://free-tex-packer.com",
    "version": "0.6.6",
    "image": "TextureDiamondMiner.png",
    "format": "RGBA8888",
    "size": {
      "w": 131,
      "h": 338
    },
    "scale": 1
  }
}